Parameter 1,Parameter 2
2.3317606446364956e-42,0.0
0.0,0.0
0.0,0.0
0.0,0.0
0.0,0.0
0.0,0.0
0.0,0.0
0.0,0.0
0.0,0.0
0.0,0.0
0.0,0.0
0.0,0.0
0.0,0.0
0.0,0.0
0.0,0.0
0.0,0.0
0.0,0.0
0.0,0.0
0.0,0.0
0.0,0.0
0.0,0.0
0.0,0.0
0.0,0.0
0.0,0.0
0.0,0.0
0.0,0.0
0.0,0.0
5.605193857299268e-45,0.0
0.0,1.401298464324817e-45
2.802596928649634e-45,7.006492321624085e-45
1.401298464324817e-43,0.0
5.605193857299268e-45,6.165713243029195e-44
8.99656952242367e-05,3.2153658866882324
1151587.125,2.627244472503662
-8.702281950601076e-11,2.6381452083587646
-1.641589013716716e+24,2.6320700645446777
1.0862169928799093e+19,2.541964292526245
0.0,-3.4387125278962395e-23
3.2282965183258057,-0.0001940227666636929
2.5603420734405518,7.76407956894455e+28
2.5893394947052,2.0867958712427173e+38
2.5663790702819824,-7.125952834030613e-05
2.5056328773498535,0.0
1.1817287026613086e-31,3.2268054485321045
2.4215966130157004e-23,2.55547833442688
-5.2790953830594844e-09,2.489798069000244
6.8077097239438444e-06,2.4860501289367676
1.757675527748557e-14,2.509052038192749
0.0,4.912333154105454e-37
3.2331929206848145,-1046831.9375
2.5452115535736084,0.05874999985098839
2.638124942779541,5.67789413707942e-07
2.579745292663574,1.401947191835656e-27
2.6021382808685303,0.0
1.8445521499099726e-10,3.214275598526001
-2.429523344067767e-18,2.6221373081207275
1.2666203376237269e-26,2.6371874809265137
-14683061878784.0,2.5065102577209473
-3.3471442164237395e-25,2.5749146938323975
0.0,1.7932069217892971e+30
3.2245638370513916,7470021120.0
2.5727498531341553,2.9607068256759776e-29
2.49267840385437,2.902161987136841e-38
2.5703465938568115,3.324889319983535e+28
2.636194944381714,0.0
-4452.70751953125,3.226848840713501
-596760942608384.0,2.5456550121307373
2.5972392155833357e+26,2.4954631328582764
-0.0002812381717376411,2.4822256565093994
9.081044845515862e-05,2.5720441341400146
0.0,-8.086520342232006e-10
3.217984437942505,-3.715748915757556e+22
2.5929253101348877,3368.66552734375
2.478677988052368,-7.849020099236038e-22
2.5985236167907715,4.1306856909658854e+26
2.6204731464385986,0.0
-200984.484375,3.215230703353882
-7.109591960906982,2.5918238162994385
-4529.38818359375,2.506028652191162
2.135416888149333e-25,2.5944371223449707
1.242789650863857e-26,2.492811918258667
0.0,1.4555093506060083e+26
3.2169036865234375,6769358.5
2.6038453578948975,-0.018978698179125786
2.622943162918091,6.009276835393085e+25
2.5735557079315186,-76335384.0
2.5531177520751953,0.0
-1.0535644799602524e+18,3.220956802368164
-2.6521608133592304e+21,2.5772416591644287
2.6624968735712084e+19,2.5185461044311523
2.6539680178177016e+23,2.549999237060547
-1.047749435090073e+20,2.600607395172119
0.0,53.52400207519531
3.212440252304077,-2319622.75
2.5999159812927246,-8.774461872909769e+23
2.58518123626709,-360016478208.0
2.5767409801483154,-8.790261630477797e+30
2.507411479949951,0.0
1.4130883857758552e+19,3.225717067718506
1.3421213558976748e-28,2.555211305618286
-4.006704814108757e+20,2.5068869590759277
-8.125199531042379e-26,2.520195960998535
4.146392682275931e+21,2.471782684326172
0.0,-2.0302121285594953e+22
3.223632574081421,1.0767811712508217e-16
2.5167531967163086,-3.2950935715235434e-26
2.5904886722564697,-2.8781540095224045e-05
2.552488327026367,-2.0039282834300427e+29
2.5854530334472656,0.0
2.499758927202222e+18,3.217073678970337
-4.6279936326253905e-26,2.59830904006958
-1.823341193298318e-28,2.543499708175659
-5.478705528102724e-36,2.519680976867676
-5.628352450770535e-09,2.5210494995117188
0.0,52449171734528.0
3.2171473503112793,9.440918226439907e-33
2.6253132820129395,1.3138191141830656e+16
2.588690996170044,9.989575707672197e-18
2.61044979095459,7.201569895975979e-11
2.634235143661499,0.0
223936266240.0,3.2294726371765137
-2.924001411064681e+37,2.546804189682007
-42.37922286987305,2.521550178527832
6146732245123072.0,2.510549306869507
51012116.0,2.6195147037506104
0.0,1.0274282832868226e-22
3.217582941055298,52.62953567504883
2.587961435317993,71208878080.0
2.6274876594543457,2.544123220877548e-21
2.5477676391601562,-5.09233226333311e-13
2.6067826747894287,0.0
-6.115386099736497e-07,3.2137796878814697
-29091774332928.0,2.5924627780914307
2.433701681495956e-16,2.501145839691162
-8047349.5,2.5374436378479004
5.175716399155058e-25,2.4694557189941406
0.0,1.7640509279021055e-12
3.2309069633483887,-0.0001825783256208524
2.544715642929077,-3.295768975495147e-22
2.512566328048706,54394441728.0
2.5259182453155518,-1.609093089963844e-37
2.5274155139923096,0.0
2131071.25,3.217212200164795
-9.798788048215278e+29,2.6011128425598145
-2.407470738287326e+32,2.569983959197998
-2.4793425166115372e-14,2.6067159175872803
5.283884698596523e-16,2.579287528991699
0.0,-46559.01953125
3.2251455783843994,8.595725141036461e+28
2.558091402053833,-8.305697438719368e+35
2.5779759883880615,9.377317770259266e-26
2.547543525695801,-8.79323419633593e-11
2.6147079467773438,0.0
-2.5489460330609904e+36,3.217737913131714
5.950388852134765e-24,2.6335723400115967
-1.7503324394268446e+21,2.6006693840026855
-5830063232647168.0,2.5378918647766113
6.920603751870204e-25,2.6335246562957764
0.0,-7.5799078941345215
3.216719150543213,-1.014489758380101e+26
2.6087234020233154,-1.882768385641498e-09
2.583526611328125,0.005934657994657755
2.587761163711548,-0.11107593029737473
2.5292322635650635,0.0
-9.160144973270612e-14,3.219975471496582
4.748627992643633e+19,2.502933979034424
9.996675277246379e+20,2.6123762130737305
-4.727398593051641e-20,2.5126760005950928
2.385660664736015e+30,2.550352096557617
0.0,2.619868458265223e-30
3.218104124069214,445.0604553222656
2.6348836421966553,-1.7843677629779786e+34
2.5935165882110596,1316.290283203125
2.4864697456359863,-6.282026620762012e-38
2.5586445331573486,0.0
-3.496661510685173e-12,3.2332656383514404
-0.0034403062891215086,2.552593231201172
2.4140751361846924,2.5253937244415283
8539343098478592.0,2.4793074131011963
4.56859107359308e+22,2.6202728748321533
0.0,9.22911694112944e+21
3.224409818649292,6.0243744957996e-20
2.508775472640991,2.145854551827142e-07
2.634411573410034,-4.5535146047182503e+30
2.491772174835205,-110.76119232177734
2.599696636199951,0.0
-8.804467243885167e+36,3.219640016555786
-1.0632850410618352e+37,2.578033208847046
2.198640322603751e-05,2.5173254013061523
-5900434124308480.0,2.5144546031951904
-642737963008.0,2.537691593170166
0.0,-1.5872603338157537e-16
3.215291738510132,2.0222334096248686e-36
2.6251273155212402,-41.879207611083984
2.544987440109253,225028816.0
2.5101726055145264,6.5933586950099304e+19
2.534191608428955,0.0
2.2599958811042598e-06,3.228679656982422
-895837232168960.0,2.5300381183624268
-1628.2996826171875,2.5919430255889893
-2.516622100489174e-33,2.582315444946289
-26685230.0,2.5296566486358643
0.0,-2281632.5
3.221693515777588,178753.453125
2.5100152492523193,-0.00015015240933280438
2.6306490898132324,3.394593564315902e-29
2.5629935264587402,2.8192558887497218e+23
2.5421884059906006,0.0
3.032654443214704e+33,3.2216320037841797
1.8210822645414737e-06,2.5016465187072754
252.52723693847656,2.5333094596862793
-158966512.0,2.545321226119995
-0.0006616764585487545,2.5681815147399902
0.0,3.7210946037896695e-20
3.2224488258361816,-8.496587493907887e-14
2.6379926204681396,1.8996183365687706e+17
2.580937385559082,-7.385784819818921e-22
2.6063344478607178,3.0851373041142606e-15
2.5090138912200928,0.0
-8.547189661828404e+26,3.2254855632781982
-1.5906543922028504e-05,2.5681004524230957
6.107426014239338e-19,2.5635132789611816
9.873306734903622e-14,2.5090901851654053
7.401666627694647e-13,2.548196792602539
0.0,6.388064990175968e-15
3.2223618030548096,-5.82919194046136e+32
2.6325039863586426,-1.2228232298186226e+38
2.5780856609344482,9.010587402812655e+23
2.604713201522827,-4.301579491911012e-12
2.5443294048309326,0.0
9178955776.0,3.229259729385376
9.435730026749081e-21,2.5243589878082275
-1.9908293085900072e-14,2.48171067237854
-5.847412743571828e+26,2.475950241088867
1.6988060735911859e-07,2.5719058513641357
0.0,2.4674160114134678e+26
3.2168424129486084,-1.5689316843316495e-14
2.630143642425537,6.888101045600256e+16
2.487165927886963,-3.588846701197831e-33
2.5666985511779785,5.4497035872975034e+23
2.5422027111053467,0.0
-1.9316684600094736e+31,3.2183611392974854
-1.9058124042999608e+33,2.6247169971466064
1.1266410874028438e-18,2.6338393688201904
-4867420061696.0,2.506486415863037
-1.485825767977289e-10,2.5600321292877197
0.0,6.850918179280962e-19
3.216956377029419,1.5906355443081937e+19
2.5029101371765137,-4.73543025098496e-24
2.6374728679656982,-1.160677810648252e-28
2.590364694595337,8.846645782306561e+36
2.5350594520568848,0.0
-3.425736782249984e+16,3.2267956733703613
-6.475811226298352e+18,2.53023362159729
40590.23828125,2.5724828243255615
-1.7989798810771865e+32,2.5074782371520996
2958618.25,2.5335144996643066
0.0,-2.3029171578259122e-38
3.2270781993865967,1.9045929529519537e-23
2.5164098739624023,-1.92513655834044e+18
2.6317696571350098,-2.1018551685909014e-14
2.5363993644714355,-10.844325065612793
2.5058951377868652,0.0
1.4345591229682209e-13,3.2133426666259766
-2.7286444737106546e-31,2.613668441772461
-2.534739587881312e-22,2.5828733444213867
-5.2187521327583844e+26,2.640009641647339
2.1644815717536403e-07,2.6109743118286133
0.0,-6.579765793496629e+37
3.233591079711914,-1475039811600384.0
2.5456740856170654,-9.2496103719288e-16
2.6300816535949707,8.919330647259709e-29
2.6177027225494385,-2.929287707217227e+30
2.530824899673462,0.0
3.402340258487624e-12,3.233933925628662
-480279232512.0,2.5454976558685303
9.723058633834496e+16,2.6277976036071777
-12.844386100769043,2.599648952484131
1.44177259107231e-13,2.4778482913970947
0.0,-3.513724441666209e+33
3.215822458267212,-1.5282487593633307e+24
2.616443634033203,-14604750848.0
2.6157331466674805,-7.328544002150443e-27
2.520143508911133,-3.1990634141720875e-08
2.5835886001586914,0.0
-5.427530300194938e-11,3.2180559635162354
-8.080003982806484e-31,2.4808809757232666
2.876515774053475e+32,2.527019739151001
-3.367143569898771e-17,2.5284454822540283
2.207391858912732e+30,2.6050374507904053
0.0,-2.9605156289807486e-27
3.222726821899414,1.5108576108347392e+16
2.5730693340301514,0.19383449852466583
2.5409629344940186,0.0003174789308104664
2.5095717906951904,2.4492404360989377e+21
2.628021717071533,0.0
-521882272.0,3.2167770862579346
5.2262250415992015e+28,2.612767219543457
6.158791154783519e+32,2.5582869052886963
1.035904561419429e-27,2.4849438667297363
44.629295349121094,2.4785826206207275
0.0,-6.0977277351474604e-18
3.2271268367767334,-1.377249219686932e-23
2.5671849250793457,-2.5004864233808257e+23
2.624216318130493,3304.663330078125
2.54117751121521,-7.1364562112869655e+22
2.6163768768310547,0.0
-3694.827880859375,3.2231624126434326
3.1813273836117295e+19,2.565425395965576
-4.7177144445985566e+23,2.514855146408081
2.1762878457248616e+37,2.5272676944732666
7.714704081338762e-38,2.4766180515289307
0.0,-2.2146963942322328e+32
3.222033977508545,-0.029965361580252647
2.5057663917541504,7.830434027968416e-14
2.579397201538086,121119.6953125
2.502194881439209,2760.646728515625
2.6271109580993652,0.0
-5.825637839586411e-17,3.225397825241089
2.4664211184207469e-29,2.5239250659942627
-1.3960184626177145e+24,2.6242544651031494
-210069749760.0,2.4829790592193604
-5617.42138671875,2.576345205307007
0.0,8.345666180350912e-38
3.2318432331085205,6.752752225194776e+22
2.53434419631958,5.045045641794807e-20
2.5712716579437256,-6.974509615492418e+33
2.6247456073760986,6.320484635885873e-14
2.509080648422241,0.0
4.190653543684332e-22,3.230232000350952
-28941580288.0,2.545435667037964
5.052610957109826e-27,2.516228675842285
1.6892124688099955e-22,2.625833034515381
4.4980734440146145e+25,2.534487247467041
0.0,1.7661795936874114e-05
3.2295420169830322,4241.37939453125
2.5333714485168457,-1.0660794154905061e-26
2.527963876724243,1981315416064.0
2.5103728771209717,1.8304415995340644e-32
2.6018903255462646,0.0
-7.240426242697095e+37,3.2187094688415527
-30741092106240.0,2.6080892086029053
1.4667627259395079e+22,2.6046226024627686
3.2368165684468384e-29,2.500492572784424
1.911272940425703e-31,2.578505516052246
0.0,-4.4924573467471e-15
3.2223238945007324,2.153613838630678e-19
2.5088040828704834,-0.023129215463995934
2.5370097160339355,-4.9686303071894145e-08
2.6304726600646973,1.5663930177688599
2.548821449279785,0.0
10511354.0,3.225781202316284
-7.891234004372348e+36,2.5702128410339355
4.6151996338191894e-18,2.5557453632354736
1.4251432735130172e-19,2.579106330871582
-3.503858492616433e-18,2.4737091064453125
0.0,1.317367261948525e-32
3.2130706310272217,2.496705712648405e-17
2.6026580333709717,73713864.0
2.533586025238037,0.9238105416297913
2.5331854820251465,1.1280575260584771e-23
2.5242111682891846,0.0
-3.65755602666472e-38,3.216789722442627
-1.4800894901644034e-15,2.6300911903381348
-1.6054567098617554,2.5683531761169434
1.4730042534234203e+35,2.6209070682525635
-271802464.0,2.5531463623046875
0.0,6.782034413504046e-15
3.2192203998565674,-4.1304144104969964e-08
2.5835933685302734,-2.904852711570747e-34
2.5822677612304688,-6.474240084056591e-17
2.5050225257873535,-8.91698446081983e-35
2.566617488861084,0.0
-6.845575225317038e-16,3.2270874977111816
11178261610496.0,2.5572855472564697
-4.770090054462739e+25,2.5071444511413574
873846395633664.0,2.4948813915252686
-5.473316140287792e+23,2.6086089611053467
0.0,3.592112185471434e-21
3.2169785499572754,-7.936206544867446e-37
2.605576276779175,1.4783450978939072e-06
2.571953535079956,-0.018978698179125786
2.622943162918091,-9.032641182799748e+35
2.5701651573181152,0.0
-3385976160256.0,3.2180442810058594
-6.579230337883093e+37,2.4921345710754395
1.9724332947500145e-25,2.625685214996338
-649539178463232.0,2.561281442642212
-1.8794698157134543e-22,2.590679407119751
0.0,-1.7899207074286404e+19
3.221158981323242,3.7542872634045235e+17
2.4950149059295654,-4.871629322167337e-09
2.4976089000701904,6.494023622800179e+16
2.510601758956909,-2.9716500193899265e-06
2.5446250438690186,0.0
4.2840690102584165e+28,3.2212579250335693
5.364454125356133e-08,2.493756055831909
1.0848992900415488e+17,2.5496749877929688
1.0470357681848892e-21,2.571185827255249
-4.23047567892354e-05,2.5837459564208984
0.0,-1.849021619363505e-37
3.2247159481048584,-854009280.0
2.5297329425811768,-5.703935874088245e-31
2.58243465423584,-5.5002385017348175e-30
2.6371724605560303,-3.0801395576844303e+25
2.5305721759796143,0.0
-84.32223510742188,3.218656063079834
5.7262798425520775e-15,2.6027772426605225
4.485632354931599e+37,2.5429084300994873
28807360512.0,2.635279417037964
26.564285278320312,2.4863839149475098
0.0,-1.1357015591348091e+38
3.2277333736419678,-1.05859051005127e-17
2.5596697330474854,4.334839447713591e-38
2.5937933921813965,4.769361820924071e-26
2.5944037437438965,-94.76070404052734
2.5059428215026855,0.0
3.010736600433497e+37,3.225616931915283
26659809280.0,2.510277509689331
-2968.653076171875,2.55289363861084
-5.7795534851023955e-12,2.5599606037139893
2.233828849956204e-36,2.570441961288452
0.0,1.2719674152465195e-18
3.232159376144409,-7.672109127044678
2.5371384620666504,-4.0192938608498895e-19
2.536160945892334,7.71257220974253e-16
2.5402333736419678,-1646297743360.0
2.5767743587493896,0.0
-1.8012660090161265e-25,3.225689172744751
4.071818017113017e+34,2.5271294116973877
-50574.546875,2.4904561042785645
123518444371968.0,2.4714012145996094
-3.81563930949637e-27,2.5435664653778076
0.0,-607770112.0
3.2274138927459717,-8.004161525965128e+17
2.5223751068115234,-1.8529228327679448e-05
2.622790575027466,1.5405519540341598e+22
2.471811294555664,1.0946537235252775e-31
2.5706803798675537,0.0
0.018751021474599838,3.2172741889953613
1.8877418742744742e-22,2.50083589553833
1.6965991351345443e-20,2.469684600830078
-2.9200203899509577e-23,2.5359511375427246
-4.608863013455533e-10,2.505370616912842
0.0,2.4878298279049283e-27
3.2327957153320312,-2.0588345207266627e+30
2.5464417934417725,-1.416458722676992e-24
2.559321641921997,-1.3516813623937196e-06
2.536795139312744,-1.256351079690445e+36
2.5545482635498047,0.0
8.512394572918035e-35,3.2133145332336426
32910.00390625,2.611541748046875
-1.9118731042766512e-09,2.560089349746704
6.694058707923713e-28,2.5005593299865723
3241121415168.0,2.596320629119873
0.0,-5.188918530293081e-39
3.2301347255706787,1.5896828097877977e-21
2.547758102416992,1.0640116863498201e-17
2.6260762214660645,-1.464605167982386e+30
2.6245596408843994,-1.419217788938135e+32
2.5777852535247803,0.0
-5.675302872987231e-06,3.2317519187927246
5.06976107719707e-38,2.554734468460083
6.264338285384233e-27,2.5787343978881836
2.7627868454949514e+25,2.5422885417938232
nan,2.5546722412109375
0.0,-38.332481384277344
3.2292072772979736,8.040074509366052e+24
2.5344491004943848,-2.281010445063524e+27
2.530667543411255,-1.7996089441856258e+19
2.553694725036621,14671860736.0
2.5258896350860596,0.0
488761037160448.0,3.218258857727051
4.400210909059438e-25,2.6100778579711914
-1.203122302133207e+17,2.5379586219787598
5.1537125354704625e-33,2.492487668991089
3.435349848997879e+22,2.581204414367676
0.0,29802792960.0
3.2268245220184326,-1.3176045756634927e+33
2.5231475830078125,7.83823561611996e-11
2.6264243125915527,-2.203857245440514e-22
2.5047459602355957,2.144534470675497e-35
2.6251797676086426,0.0
-4.441280368366333e+28,3.224602460861206
-5900434124308480.0,2.5144546031951904
1.8041586280492794e-10,2.5405051708221436
-5.296282419908628e+19,2.4990298748016357
-3.532482292789574e-11,2.5287506580352783
0.0,-833704825978880.0
3.220818281173706,-3.236053283269831e+26
2.5071873664855957,0.0023568992037326097
2.5252411365509033,3.9007056293191076e-19
2.5400664806365967,-2.917429417732423e-18
2.5127665996551514,0.0
6.736624178352067e-20,3.224862813949585
-2.8672139644622803,2.5761783123016357
3.9674862526939114e-38,2.5156660079956055
1.3646828169280551e-21,2.6336915493011475
2728281344.0,2.5883524417877197
0.0,-4.987730466787657e-22
3.2185709476470947,6.2115537973523476e+29
2.6206352710723877,-1.2244704521435779e-05
2.599343776702881,2.0302360681512255e-08
2.634359121322632,-5.947141835349612e-05
2.521254539489746,0.0
0.028976021334528923,3.219703435897827
-3.1103636255119997e+25,2.5071349143981934
1.679319118659539e-12,2.595090389251709
-0.0015980493044480681,2.5213260650634766
3.622438656324486e-32,2.531592845916748
0.0,3.022513795485896e+34
3.2238426208496094,-2.367664638394546e-24
2.5749576091766357,-8.389709714598894e+36
2.58583927154541,9.196623633240153e-27
2.6334292888641357,-661065408.0
2.6000399589538574,0.0
1.8066924909257431e-12,3.2203049659729004
9.538881414029187e-26,2.500669002532959
7.031048378063065e-14,2.634082555770874
224.52638244628906,2.548931121826172
1.3514475232304232e-21,2.5008788108825684
0.0,8.625442381008947e-19
3.2189078330993652,-1.4975373290306212e-34
2.6056907176971436,-5.672507302954838e-37
2.4727554321289062,-4120832768.0
2.631330966949463,2.318649629539329e-30
2.594184398651123,0.0
-0.13464443385601044,3.2265841960906982
-1.3075970708589332e+21,2.538163661956787
-5.665536039410038e-16,2.5285074710845947
1.879263175787195e+36,2.628775119781494
-7.953039130370598e-06,2.505585193634033
0.0,9.026749882369661e-18
3.2321841716766357,2.344086273994603e+32
2.55045223236084,-8.878607933898752e+16
2.569201946258545,-2.061791362639731e-11
2.630300998687744,7.431004055008841e-36
2.6017186641693115,0.0
1.1707811731841288e+33,3.217074155807495
-0.002768899081274867,2.5994629859924316
-19470756085760.0,2.631516933441162
-3.2809015922456976e+36,2.5701937675476074
1.7927696874736838e-37,2.625074863433838
0.0,4.517812382510687e+25
3.2196547985076904,6.5469626248093604e-12
2.6341826915740967,-2060383616.0
2.5688157081604004,-62350.90234375
2.592024087905884,3.591814809152231e-29
2.6020572185516357,0.0
-4.206355697533581e-06,3.2182023525238037
3893976629248.0,2.619762659072876
6.227804805684744e-31,2.6175930500030518
3.737124498748301e-11,2.485783100128174
-8.092164003179686e-18,2.629976749420166
0.0,-8.027080058739097e+29
3.213733673095703,-3.2365238270952916e-28
2.5981993675231934,8.214443170118102e-08
2.579702377319336,-2.766077208469313e-27
2.6216843128204346,631704384.0
2.60394549369812,0.0
1.1381483311367901e-08,3.2231807708740234
8.906765937805176,2.6347978115081787
-4.785289408298659e+33,2.5934879779815674
1.3396507397183242e+18,2.5341057777404785
1.197492716699648e+17,2.6278023719787598
0.0,-3.031572415583184e+38
3.2217226028442383,7.245265313342678e+30
2.5738131999969482,1.0452494496110701e+32
2.5660595893859863,-0.02410580776631832
2.599510669708252,4023304708947968.0
2.59647798538208,0.0
-3.2139227345136462e-15,3.2178456783294678
-0.4208807647228241,2.638636350631714
3.2469570505670656e+16,2.6043365001678467
-8.156416987550569e+30,2.5386595726013184
-4.751591055633009e+30,2.5464608669281006
0.0,-5.197716562710397e-11
3.2196004390716553,944217287294976.0
2.6355082988739014,2.2744054338564506e+24
2.550046920776367,-2.1754818432806466e-11
2.5131146907806396,-13.344402313232422
2.4902749061584473,0.0
2.350988701644575e-38,9.4039548065783e-38
3221.563720703125,2.45003023502551e-41
3.851859888774472e-34,0.0
1.401298464324817e-45,0.0
0.0,2.0
6.921153245146704e-41,9.183549615799121e-41
0.0,7.346839692639297e-40
3.6734198463196485e-40,0.0
9.183549615799121e-41,3.820356640172434e-37
7.003633672756863e-39,0.0
1.1210387714598537e-44,3.587324068671532e-43
0.0,0.0
0.0,1.771824199067728e-38
2.350988701644575e-38,0.0
3.851859888774472e-34,1.504632769052528e-36
0.0,2.350988701644575e-38
9.4039548065783e-38,4.663707997565325e-08
0.0,2.8698592549372254e-42
9.183549615799121e-41,0.0
0.0,0.0
-7.4765625,0.0
1.401298464324817e-45,0.0
1.1210387714598537e-44,5.605193857299268e-45
0.0,1.401298464324817e-45
1.164221608007665e-08,6.726232628759122e-44
7.346839692639297e-40,2.350988701644575e-38
0.0,0.0
0.0,-5.942112188569825e+28
2.6904930515036488e-43,3.587324068671532e-43
0.0,2.8698592549372254e-42
1.4349296274686127e-42,0.0
3.587324068671532e-43,136.0078125
50680068.0,7.74408118260456e-39
0.0,1.1210387714598537e-44
3.587324068671532e-43,0.0
0.0,0.0
1.771824199067728e-38,2.350988701644575e-38
0.0,3.851859888774472e-34
1.504632769052528e-36,0.0
0.0,-0.0
1.7702557256966091e-38,-0.0
1.7702557256966091e-38,-0.0
1.7702557256966091e-38,-0.0
1.7702557256966091e-38,-0.0
1.7702557256966091e-38,0.0
2.350988701644575e-38,0.0
0.0,1.5407439555097887e-33
2.350988701644575e-38,0.0
0.0,-1.7014118346046923e+38
nan,2.407412286991082e-35
0.0,-1.7014118346046923e+38
9.183409485952689e-41,2.802596928649634e-43
0.0,1.793662034335766e-42
1.8304187635507924e+25,9.661499419947473e-35
7.036196626022481e+22,4.3416267769553946e-38
0.0,0.0
-1.7014118346046923e+38,nan
2.407412286991082e-35,0.0
-1.7014118346046923e+38,9.183409485952689e-41
2.802596928649634e-43,0.0
1.793662034335766e-42,1.8304187635507924e+25
9.661499419947473e-35,7.036196626022481e+22
4.3416267769553946e-38,0.0
0.0,-1.7014118346046923e+38
nan,2.407412286991082e-35
0.0,-2.0
4.160231533082154e-25,2.802596928649634e-43
0.0,1.793662034335766e-42
1.8304187635507924e+25,9.661499419947473e-35
7.036196626022481e+22,4.3416267769553946e-38
0.0,0.0
-1.7014118346046923e+38,nan
2.407412286991082e-35,0.0
-2.0,4.796420398633927e-07
2.802596928649634e-43,0.0
1.793662034335766e-42,1.8304187635507924e+25
9.661499419947473e-35,7.036196626022481e+22
4.445825819602324e-35,0.0
0.0,-1.7014118346046923e+38
nan,2.407412286991082e-35
0.0,-1.7014118346046923e+38
1.0420535781012313e-25,2.802596928649634e-43
0.0,1.793662034335766e-42
1.8304187635507924e+25,9.661499419947473e-35
7.036196626022481e+22,9.953190376554098e-39
1.504632769052528e-36,-1.7014118346046923e+38
6.018530717477705e-36,6.018531076210112e-36
0.0,-1.7014118346046923e+38
1.0420535781012313e-25,2.802596928649634e-43
0.0,1.793662034335766e-42
1.8304187635507924e+25,6.03843713746717e-36
6.409406339002999e-10,6.726232628759122e-44
1.0761972206014595e-42,nan
1.4335283290042879e-42,1.793662034335766e-42
0.0,nan
1.837499134454932e-38,0.0
6.018531076210112e-36,8.0
1.0900250432912691e+27,4.002220777010734e-11
4.425390233439489e-39,9.4039548065783e-38
-1.7014118346046923e+38,3.7615816984235657e-37
6.018531076210112e-36,0.0
-1.7014118346046923e+38,1.0420535781012313e-25
2.802596928649634e-43,0.0
1.793662034335766e-42,1.8304187635507924e+25
6.03843713746717e-36,6.409406339002999e-10
6.726232628759122e-44,3.587324068671532e-43
nan,7.160635152699815e-43
1.793662034335766e-42,0.0
nan,1.837499134454932e-38
0.0,6.018531076210112e-36
8.0,1.0900250432912691e+27
4.002220777010734e-11,4.425390233439489e-39
0.0,-1.7014118346046923e+38
2.3509885615147286e-38,6.018531076210112e-36
0.0,-1.7014118346046923e+38
1.0420535781012313e-25,2.802596928649634e-43
0.0,1.793662034335766e-42
1.8304187635507924e+25,6.03843713746717e-36
6.409406339002999e-10,6.726232628759122e-44
0.0,0.0
0.0,3.587324068671532e-43
0.0,0.0
0.0,0.0
0.0,0.0
3.587324068671532e-43,1.4349296274686127e-42
0.0,0.0
0.0,3.587324068671532e-43
1.4349296274686127e-42,0.0
0.0,0.0
3.587324068671532e-43,1.4349296274686127e-42
3.5873240686715317e-41,3.587324068671532e-43
0.0,3.587324068671532e-43
1.4349296274686127e-42,3.587324068671532e-43
1.793662034335766e-42,0.0
3.587324068671532e-43,1.4349296274686127e-42
3.5873240686715317e-41,1.793662034335766e-42
0.0,3.587324068671532e-43
-6.0234375,-6.0234375
-1.180086125630187e-38,-1.180086125630187e-38
0.0,0.0
0.0,0.0
-1.180086125630187e-38,-3.376054991122146e-11
-2.9490801053739366e-36,-3.3760768486379433e-11
-2.9490801053739366e-36,-3.3760768486379433e-11
-1.2666202605865291e-26,-3.3760768486379433e-11
-2.9490801053739366e-36,-3.3760768486379433e-11
-2.9490801053739366e-36,-3.3760768486379433e-11
-2.9490801053739366e-36,-3.3760768486379433e-11
-2.9490801053739366e-36,8.828180325246348e-44
0.0,nan
3.587324068671532e-43,3.587324068671532e-43
3.587324068671532e-43,3.5869653362646645e-39
3.5869653362646645e-39,3.5869653362646645e-39
3.5869653362646645e-39,3.587324068671532e-43
-6.645446090732639e-38,-3.5916765810133657e+28
4.4701421011961665e-43,-1.2493831105470656e-27
-34246120964096.0,-12255034368.0
-20097.705078125,4.323319160448591e-07
4.456129116552918e-43,0.0
0.0,2.197309344296062e-18
4.4701421011961665e-43,0.0
1.793662034335766e-42,0.0
-3.9877118756679526e+34,4.456129116552918e-43
-3.9877118756679526e+34,8.04345318522445e-43
-3.9877118756679526e+34,1.1630777253895982e-42
-3.9877118756679526e+34,1.5218101322567513e-42
1705696.0,8.828180325246348e-44
1.8367099231598242e-40,0.0
9.183549615799121e-41,0.0
9.183689745645554e-41,0.0
0.0,nan
nan,1.836695910175181e-40
0.0,0.0
0.0,0.0
0.0,0.0
0.0,0.0
0.0,0.0
0.0,2.350988701644575e-38
3.587324068671532e-43,0.0
0.0,nan
nan,7.160635152699815e-43
0.0,0.0
0.0,0.0
0.0,0.0
0.0,0.0
0.0,0.0
0.0,9.183549615799121e-41
1.401298464324817e-45,0.0
0.0,nan
nan,1.401298464324817e-45
0.0,0.0
0.0,0.0
0.0,0.0
0.0,0.0
0.0,0.0
0.0,2.3510604481259484e-38
0.0,0.0
-1.7014118346046923e+38,nan
9.403954246058914e-38,0.0
0.0,0.0
0.0,0.0
0.0,0.0
0.0,0.0
0.0,0.0
0.0,9.183689745645554e-41
0.0,0.0
nan,nan
1.836695910175181e-40,0.0
0.0,0.0
0.0,0.0
0.0,0.0
0.0,0.0
0.0,0.0
0.0,0.0
2.5,9.183689745645554e-41
1.401298464324817e-45,7.346839692639297e-40
9.183689745645554e-41,0.0
1.401298464324817e-45,4.203895392974451e-45
-15009705.0,371100.625
3.7160734564057036e+20,-3.240285611240567e-23
0.0,0.0
0.0,0.0
0.0,0.0
0.0,0.0
2.2420775429197073e-44,0.0
0.0,0.0
0.0,0.0
0.0,0.0
2.0178697886277366e-42,2.0178697886277366e-42
2.0178697886277366e-42,2.0178697886277366e-42
1.0089348943138683e-42,1.0089348943138683e-42
0.0,nan
nan,nan
nan,-431602080.0
-431602080.0,7.006492321624085e-45
7.006492321624085e-45,1.401298464324817e-45
0.0,0.0
0.0,0.0
0.0,0.0
1.0761972206014595e-42,9.183549615799121e-41
0.0,3.76158192263132e-37
0.0,1.401298464324817e-45
1.401298464324817e-45,1.0761972206014595e-42
9.183549615799121e-41,1.8367099231598242e-40
3.76158192263132e-37,0.0
1.401298464324817e-45,4.203895392974451e-45
2.3510604481259484e-38,6.462348535570529e-27
6.977172449306163e+22,7.22507101977305e+28
6.038878200170307e+28,7.396497339458353e+31
1.8890782451696141e+31,1.401298464324817e-45
0.0,0.0
1.2891945871788317e-43,6.726232628759122e-44
7.897936747495104e-39,1.0469382487962038e-38
8.908190263663902e-39,9.918370912312555e-39
1.0561223589313886e-38,5.510216649984261e-39
7.897918530615067e-39,1.0469382487962038e-38
8.908190263663902e-39,9.918370912312555e-39
1.0561223589313886e-38,8.688050478813866e-44
2.2420775429197073e-44,1.401298464324817e-45
0.0,0.0
0.0,9.80908925027372e-45
1.401298464324817e-45,2.350988701644575e-38
0.0,0.0
-1855488.125,3.3485462645343043e-28
-2.014930486679077,6.675818920135498
